id,name,country,contact_no,date_created
1,Jane Jardine,Indonesia,182 954 8158,2023-03-26
2,Maureene Firpo,Sweden,745 405 6853,2023-06-28
3,Kellen Grolle,United States,801 528 8533,2023-03-02
4,Ailee Levermore,Indonesia,222 523 4565,2023-11-03
5,Martyn Klishin,Indonesia,622 749 6437,2023-03-04
6,Goraud Kovalski,Portugal,574 255 0428,2023-09-16
7,Jacqui Tills,Japan,626 563 9561,2023-08-26
8,Deborah Jacques,Armenia,529 536 9848,2024-01-19
9,Henriette Golden of Ireland,Japan,736 359 3634,2023-08-04
10,Romonda Senchenko,China,467 856 4075,2023-09-25
11,Eduino Zanettini,Brazil,837 283 9076,2023-02-16
12,Vassili McLice,Finland,267 309 0255,2023-03-29
13,May Acton,Indonesia,839 540 9859,2023-01-20
14,Christy Kilvington,Kazakhstan,167 736 6761,2023-02-26
15,Angil Peal,France,424 890 8503,2023-12-11
16,Phillipp Helkin,Sweden,656 733 6870,2023-11-23
17,Jeannette Hearst,Poland,972 540 8202,2023-06-07
18,Zorana Jacox,Azerbaijan,862 135 2997,2023-04-18
19,Marigold Magog,Morocco,871 948 6410,2023-06-29
20,Zacharias Corryer,Sweden,393 894 4831,2023-01-28
21,Court Pardue,China,750 779 8976,2023-10-29
22,Noami Simkin,United States,323 984 8132,2023-07-18
23,Tammi Ryde,Sweden,247 719 3019,2023-08-02
24,Mabel Jiri,China,601 377 1096,2023-02-15
25,Konstance Lafaye,China,249 592 8566,2023-08-18
26,Silvana Gentery,Benin,470 465 9737,2023-10-22
27,Norrie Tregear,China,836 725 0228,2023-08-22
28,Obidiah Kupker,Iran,993 483 2639,2023-08-28
29,Karil McGall,Honduras,402 834 9576,2023-04-13
30,Maisie Clutheram,Ecuador,252 404 1484,2023-03-19
31,Pepi Gaudin,Indonesia,262 361 0548,2023-04-06
32,Lucio Pindred,China,617 357 0940,2023-04-21
33,Natividad McMurray,Russia,484 598 3315,2024-01-06
34,Kalvin Baterip,Peru,166 687 7645,2023-10-06
35,Humfrid Stapleton,China,981 278 3263,2023-09-01
36,Martha Riddoch,South Africa,244 509 3837,2023-02-19
37,Merell Crowley,Finland,849 709 0495,2023-05-09
38,Hillary Bratcher,Poland,330 149 5274,2023-03-18
39,Ekaterina Hubane,China,249 716 5078,2023-06-02
40,Alexei Lambden,Russia,395 221 4737,2023-12-25
41,Rance Kenneway,Bangladesh,766 893 5244,2023-01-28
42,Alia Lound,Greece,895 253 9357,2023-03-09
43,Libbey Phillcock,Philippines,130 364 3512,2023-09-21
44,Alexandr Cyster,France,655 512 2514,2023-09-05
45,Cris Howling,Russia,803 423 0583,2023-03-09
46,Halie Youdell,China,196 756 3564,2023-08-10
47,Bonni Heminsley,Portugal,705 625 0777,2023-08-09
48,Nancey Igoe,Guatemala,551 869 7763,2023-07-04
49,Vin Vaugham,China,698 367 4162,2023-04-18
50,Jefferson Scowen,Ivory Coast,624 554 8927,2023-08-24
51,Viviana McDell,South Korea,433 549 2706,2023-05-30
52,Park Kosel,Russia,500 443 7379,2023-01-29
53,Marshal Lundie,Peru,141 565 7152,2023-09-29
54,Reuven Hateley,Brazil,788 940 5002,2023-10-01
55,Naoma Blindt,Nigeria,876 154 8311,2023-04-26
56,Sherwynd Larway,Mexico,709 272 6241,2023-11-12
57,Almira Grimwad,Albania,693 838 1941,2023-04-15
58,Fawnia Purry,China,185 442 4535,2023-02-08
59,Merla Swainson,Togo,208 670 7662,2023-10-28
60,Melvin Ranns,Russia,510 124 7387,2023-04-25
61,Shelden Dinjes,Albania,829 775 9022,2023-10-14
62,Vivianne Harower,Indonesia,593 597 5059,2023-10-12
63,Wilek Caustick,Colombia,836 668 7271,2023-02-03
64,Curran Painter,Colombia,347 940 2212,2023-07-01
65,Derrek Pettegre,Portugal,498 132 4769,2023-03-24
66,Dayle Bailiss,Russia,802 632 5212,2024-01-09
67,Rikki Grinin,Indonesia,926 595 0917,2023-06-04
68,Hermy Costin,Indonesia,176 315 1730,2024-01-13
69,Fredrika Moyles,Indonesia,551 218 6994,2023-03-08
70,Timi Shewan,Kiribati,410 826 0750,2023-01-27
71,Dulcinea Itzkovwich,Colombia,776 566 2699,2023-10-20
72,Hedvige Cumine,China,961 546 8446,2023-10-20
73,Theressa Shuker,Thailand,929 173 8470,2023-09-30
74,Coralyn Adamsen,Russia,626 386 7214,2023-09-05
75,Fowler Pohls,Czech Republic,320 516 1776,2023-02-11
76,Dolly Pooly,Denmark,426 669 1981,2023-03-07
77,Claudius Masey,Afghanistan,209 674 8369,2023-09-01
78,Nollie Klimek,France,554 372 2002,2023-01-23
79,Bibbye Hew,Venezuela,916 160 8975,2023-07-31
80,Letti Mosby,United States,310 300 2858,2023-05-16
81,Reggie Lovelace,Russia,987 565 4957,2023-02-26
82,Debora Von Helmholtz,Japan,229 284 0867,2023-08-04
83,Alexandros Aspital,United States,228 819 7226,2023-10-10
84,Lauren Brigden,United States,408 266 5060,2023-02-26
85,Alexio McQuarrie,China,409 425 7723,2023-10-05
86,Boone Ping,China,751 237 7245,2023-03-04
87,Eliza Westmerland,Mexico,134 263 4132,2023-02-20
88,Winfred Jaime,Indonesia,355 463 8342,2023-05-15
89,Shaughn Folley,Greece,465 910 2399,2023-12-25
90,Freida Woan,Ecuador,169 931 7006,2023-09-10
91,Clarine Osinin,Cameroon,903 386 3194,2023-03-29
92,Danette Pelchat,Peru,374 452 3788,2023-06-24
93,Petey Farey,Guatemala,292 554 6326,2023-07-17
94,Norean Forsdike,China,302 950 7142,2023-05-29
95,Carlita Edling,Peru,793 240 7417,2023-02-06
96,Aveline Godber,Russia,461 710 6789,2023-10-01
97,Maegan Faulkner,Indonesia,177 705 5301,2023-11-16
98,Jo-ann Leverton,Philippines,688 389 5832,2023-08-08
99,Ambrose Mainstone,Palestinian Territory,885 319 3011,2023-12-10
100,Corbet Hallgalley,Brazil,712 836 7738,2023-05-20
101,Krishna Dechelette,Thailand,877 955 1961,2023-09-12
102,Marla Dudden,Niger,757 423 1927,2023-11-14
103,Idelle Setterington,Nigeria,850 531 5498,2023-09-12
104,Federico Giraths,Venezuela,685 494 0809,2023-11-25
105,Violante Doni,Japan,555 303 5307,2024-01-14
106,Scottie Ledington,China,743 719 8734,2023-06-27
107,Cecilius Wardingly,China,603 717 3994,2023-12-22
108,Kynthia Perryman,South Africa,935 822 0642,2023-01-29
109,Kalila Flieger,Russia,306 771 0309,2023-08-26
110,Fidelia Lukacs,Czech Republic,460 513 1044,2023-10-19
111,Alec Roelofs,Iran,251 242 3314,2023-08-01
112,Kaitlynn Harly,Russia,822 842 6418,2023-03-08
113,Gabie Malt,Japan,242 554 1044,2023-09-22
114,Daveta Tomkinson,China,228 416 8875,2023-05-10
115,Bettina Charley,Bosnia and Herzegovina,447 955 0557,2023-05-28
116,Belicia Lung,Russia,662 475 8588,2023-03-28
117,Diane Thornborrow,Azerbaijan,307 970 5055,2023-11-17
118,Efrem Rue,Brazil,526 745 3181,2023-08-08
119,Prudy Ollerhead,Mauritius,358 596 7244,2023-07-16
120,Adriane Glowacki,Armenia,787 151 6520,2023-07-25
121,Fred Fordyce,Brazil,425 123 0607,2023-07-11
122,Isaac Gantley,Greece,204 284 9196,2023-08-15
123,Lorette Heephy,Portugal,396 413 6974,2023-05-14
124,Flin Swanton,Chile,733 846 4199,2023-07-01
125,Curtis Dowthwaite,Poland,882 417 4007,2023-02-01
126,Gaylene Lindeboom,Mexico,313 681 3994,2023-03-16
127,Thatcher Erbe,Indonesia,863 836 7042,2024-01-11
128,Georas Ineson,China,904 862 5512,2023-05-03
129,Gwenore Paroni,Philippines,913 374 7694,2023-08-03
130,Weber Franzke,Vietnam,413 160 8527,2023-05-21
131,Kristopher Warkup,Uruguay,983 274 4904,2023-04-19
132,Boony Brolan,China,779 442 9855,2023-02-13
133,Sherlocke Severns,Sudan,213 385 8360,2023-03-17
134,Adiana Timbrell,China,597 647 6240,2024-01-17
135,Gaelan Vyse,Afghanistan,198 267 2960,2023-09-26
136,Nikolia Colcomb,China,602 838 2409,2023-06-10
137,Beck Chaim,Portugal,292 955 8128,2023-12-16
138,Dell Guidetti,China,342 378 9701,2023-11-22
139,Fons Corrett,China,301 327 8405,2023-04-02
140,Maia Cossans,Greece,137 620 9794,2023-09-30
141,Darlleen McConway,China,171 587 0474,2023-12-27
142,Iago Berndsen,Czech Republic,370 400 0992,2023-05-08
143,Kerrin Willwood,Bangladesh,471 231 0336,2023-03-16
144,Carola Dearman,Japan,332 281 8418,2023-02-19
145,Christoper Redhead,Bangladesh,984 876 8783,2023-12-14
146,Sammy Scranny,China,796 366 1774,2023-09-28
147,Allx Heyball,South Africa,820 251 3588,2023-02-20
148,Elonore McPeice,Philippines,479 302 8817,2023-08-02
149,Bernadina Jaan,United States,303 803 2129,2023-02-11
150,Tarrance Hearon,Russia,275 722 9892,2023-03-06
151,Shelagh Robens,Indonesia,805 156 4827,2023-08-17
152,Shurlocke Rothwell,Thailand,593 489 6275,2023-03-04
153,Roman Schooling,Sweden,391 969 6462,2023-04-17
154,Dag Bottelstone,Russia,740 749 8179,2024-01-15
155,Cori Brydone,Poland,245 762 4529,2023-06-06
156,Cherida Tolcher,Iran,545 430 4143,2023-11-06
157,Meade Follows,Belarus,840 637 1178,2023-05-31
158,Moyna Kendrick,China,832 696 6438,2023-07-27
159,Joycelin Bernardin,South Africa,190 230 9792,2023-04-20
160,Mannie Dovinson,China,372 873 1842,2023-02-21
161,Ebenezer Auchinleck,Argentina,915 729 2489,2023-06-08
162,Leyla Asling,United States,215 640 7244,2023-12-03
163,Tommie Bernardos,Lithuania,453 276 2954,2023-06-09
164,Kalle Jendrach,Thailand,894 411 1609,2023-09-05
165,Rowena Garner,China,599 853 0973,2023-07-21
166,Lorilyn Sale,Russia,933 935 0722,2023-03-25
167,Connie Cobelli,Poland,448 859 8037,2023-12-07
168,Orazio Guilaem,Mongolia,863 190 0866,2024-01-03
169,Julie Wasielewski,Thailand,318 228 0809,2023-04-08
170,Rey Winterton,United States,571 810 3209,2023-02-05
171,Jermaine Ibanez,Thailand,234 171 7690,2023-02-13
172,Heinrik Balloch,Colombia,666 103 3321,2023-02-20
173,Rory Keyzor,Sweden,258 611 5289,2023-08-11
174,Klaus Timewell,Brazil,883 136 2945,2023-01-31
175,Kandy Vickars,Portugal,384 487 2417,2023-06-22
176,Dehlia Gasnell,France,690 624 0424,2023-08-25
177,Marnia Redwall,Poland,278 880 0115,2023-07-05
178,Merry Denyakin,Czech Republic,601 857 4770,2023-01-30
179,Minda Hassan,China,789 299 9228,2023-08-04
180,Oberon Chrstine,Russia,901 378 4813,2023-02-18
181,Linnie Lakeman,Norway,948 748 6026,2023-03-28
182,Emmett Stockell,Indonesia,947 967 7535,2023-04-22
183,Giacomo Casali,Russia,234 640 2939,2023-05-21
184,Roi Folkerts,Brazil,880 204 3617,2023-05-22
185,Kennie Leithgoe,Chad,884 678 6265,2023-12-06
186,Filip Landsman,China,561 211 6623,2023-07-06
187,Fabien McCloughen,United States,718 609 2656,2023-02-15
188,Jodi MacNab,Indonesia,925 257 8234,2023-09-12
189,Stace Hebborn,Bahamas,552 297 7778,2023-03-23
190,Nikolia Delamar,Poland,103 885 3501,2023-12-27
191,Ysabel Eisikowitz,Peru,874 389 3617,2023-09-07
192,Dieter Mawne,China,588 866 3076,2023-06-01
193,Fonz Moles,China,338 161 7895,2023-03-19
194,Belita Hargrave,Niger,974 589 9641,2023-02-28
195,Alissa Goldthorp,United States,260 135 4169,2023-10-11
196,Aksel Whiffen,Thailand,111 590 9009,2024-01-05
197,Elene Drewry,China,433 341 6954,2023-12-18
198,Shauna Doumerque,Liberia,165 101 0309,2024-01-13
199,Anderea Brecknell,United States,812 401 4744,2023-10-11
200,Kettie Tommasuzzi,Indonesia,992 634 3302,2024-01-03
201,Marylee Spileman,Colombia,725 918 8953,2023-03-04
202,Aluino Heams,Mexico,412 153 3823,2023-05-25
203,Ky Shearwood,Indonesia,255 803 6218,2023-07-05
204,Ivett Fenby,China,853 618 1261,2023-11-03
205,Gary Axston,France,240 336 2877,2023-03-04
206,Fulton Decent,Palestinian Territory,483 791 9620,2023-12-08
207,Ezekiel Gothup,Indonesia,836 221 0735,2023-11-06
208,Susette Faull,Japan,782 320 1852,2023-12-03
209,Alecia Targett,Poland,913 945 5356,2023-07-16
210,Stefano Easbie,Bulgaria,438 688 5805,2023-06-21
211,Ginnifer Fores,France,258 118 4434,2023-11-20
212,Grover Wooder,China,366 828 7515,2023-03-20
213,Nolly Albutt,China,816 756 8038,2023-09-28
214,Martha Gammack,Russia,259 778 6751,2023-07-27
215,Janey Granger,China,953 674 7921,2023-02-18
216,Sebastien Lakenton,Brazil,276 929 2125,2023-06-09
217,Karia Perotti,China,479 800 0989,2023-11-14
218,Cathyleen Netherclift,France,456 739 2347,2023-08-23
219,Melantha Roote,Japan,754 696 4655,2024-01-14
220,Humphrey Bucky,Russia,697 194 8532,2023-07-18
221,Jobyna Sorel,Sri Lanka,670 431 7947,2023-06-11
222,Helaine Lount,Pakistan,712 787 6337,2023-03-03
223,Kiri Akast,Czech Republic,333 529 3173,2023-03-11
224,Pattin Grinov,China,452 875 5084,2023-09-27
225,Fanya Cuttin,Malaysia,620 598 6683,2023-09-09
226,Mari Reeson,Philippines,850 255 4954,2023-04-14
227,Maggy Doyle,Norway,567 654 6258,2024-01-19
228,Clem Heppner,Greece,254 668 2864,2023-03-20
229,Newton Cleef,Brazil,220 672 3221,2023-07-17
230,Lisle Renzini,Russia,477 220 2464,2024-01-04
231,Salome Milhench,Pakistan,737 354 0718,2023-03-14
232,Melantha Bell,Indonesia,876 386 6118,2023-08-01
233,Torry Kirkpatrick,Belarus,288 391 3808,2023-08-15
234,Finley Olexa,Indonesia,212 837 3373,2023-03-18
235,Alessandra Farrell,Tunisia,921 863 3072,2023-03-06
236,Susana Neasham,Greece,211 933 5092,2023-03-14
237,Edna Torald,Philippines,916 785 4411,2024-01-07
238,Elsa Rackstraw,China,815 612 5790,2023-09-23
239,Diena Hurche,Philippines,734 864 3102,2023-02-21
240,Dulciana Lazer,United States,202 350 9451,2023-06-05
241,Lanae Follacaro,Cyprus,920 116 2649,2023-03-13
242,Willi Slimon,Philippines,594 508 2983,2023-04-29
243,Kylynn Mousdall,Netherlands,262 239 0404,2024-01-19
244,Lydie Fowles,China,224 529 9165,2024-01-19
245,Jolynn Pavkovic,China,284 534 1575,2023-08-04
246,Rowney Epsley,Indonesia,898 647 2225,2023-08-20
247,Myrah Alfuso,China,564 875 5915,2023-05-09
248,Tine Gammon,China,891 403 8803,2023-07-06
249,Lorant Szachniewicz,Philippines,412 585 2161,2023-10-29
250,Jaime Bath,Indonesia,482 450 7483,2023-12-17
251,Herman Smallsman,United States,661 530 6146,2023-01-29
252,Sanders Senchenko,Poland,162 179 5259,2023-06-23
253,Nataniel Ruddiman,France,330 677 2687,2023-02-26
254,Nap Quilligan,Japan,598 635 2416,2023-07-17
255,Saw Gration,Mauritania,557 943 1461,2023-11-12
256,Chrisy Snead,United States,856 848 9419,2023-10-08
257,Holly Chittleburgh,Ireland,317 356 8990,2023-12-27
258,Tressa Trahearn,Estonia,739 601 7348,2023-09-14
259,Candice Huban,Indonesia,461 369 3659,2023-04-05
260,Dulcinea Frostdyke,Sweden,694 238 5734,2024-01-07
261,Danica Dowden,Togo,950 680 4668,2023-03-02
262,Hale Cavet,Argentina,105 892 0784,2023-07-19
263,Shirl Nutley,Russia,385 607 8261,2023-10-20
264,Karlotte MacNeachtain,China,748 500 6110,2023-06-18
265,Merle Webby,China,431 149 6361,2023-07-04
266,Lauree Meale,Sierra Leone,189 636 8557,2023-09-24
267,Jaymee Tremayne,Russia,932 346 5198,2023-06-19
268,Catherine Lafayette,Poland,829 734 7271,2024-01-18
269,Briano Bracknall,China,397 980 2447,2023-10-22
270,Valry Sains,China,533 742 1214,2023-04-23
271,Janine Gouldstraw,Tunisia,179 261 8532,2024-01-02
272,Bertram Cahill,Ukraine,744 545 1007,2023-05-21
273,Floris Alp,China,761 956 2765,2023-03-26
274,Willie Anfrey,Vietnam,272 749 0325,2023-04-13
275,Consuelo Gordge,China,904 816 6501,2023-11-17
276,Lisabeth Goby,Brazil,220 596 0911,2023-04-18
277,Kassia Maidlow,Sweden,575 878 3663,2023-01-27
278,Sanders Corben,Indonesia,973 741 2073,2023-09-04
279,Alameda Poyntz,Russia,359 243 8250,2023-07-14
280,Nataniel Jee,China,911 151 8933,2023-03-30
281,Elmira Loynton,Portugal,656 611 4388,2023-06-07
282,Alfie Pladen,Russia,448 338 7776,2023-12-29
283,Shurlock O'Dowd,Canada,472 257 8048,2023-03-17
284,Crystal Webster,China,646 287 0022,2023-01-21
285,Melinde Ciric,Sweden,132 485 7864,2023-12-14
286,Giacomo Clemensen,Indonesia,884 352 0603,2023-07-04
287,Kelbee Rodenborch,Peru,610 353 9763,2023-10-21
288,Ingunna Keary,Argentina,537 989 8758,2023-08-16
289,Jesse Rollason,Iceland,746 854 9506,2023-07-23
290,Alva Joskowicz,China,785 984 1103,2023-09-15
291,Erda Degoe,France,592 524 2707,2023-03-25
292,Karlyn Slark,China,720 589 4440,2023-08-09
293,Corabelle Eskell,Malaysia,515 217 7373,2023-07-31
294,Cirstoforo Mostyn,Japan,542 525 9975,2023-09-12
295,Gawain Eldered,Japan,667 103 6629,2023-03-28
296,Joellyn Wade,Nicaragua,211 425 6346,2023-01-21
297,Skippy Gunter,Pakistan,305 229 2671,2023-05-17
298,Chloette Lahive,Belarus,199 569 3376,2023-10-08
299,Kerk Blanden,Indonesia,260 688 2316,2023-06-27
300,Vivyan Dartan,Indonesia,812 693 7352,2023-10-23
